<?xml version='1.0' encoding='iso-8859-1'?><usuarios><usuario><id>5</id><nome>Jaison</nome><idade>29</idade></usuario><usuario><id>13</id><nome>Jaison</nome><idade>29</idade></usuario><usuario><id>11</id><nome>Jaison</nome><idade>40</idade></usuario><usuario><id>1</id><nome>Jaison Schmidt</nome><idade>29</idade></usuario><usuario><id>15</id><nome>Jaison Schmidt</nome><idade>29</idade></usuario><usuario><id>14</id><nome>Jaison Schmidt</nome><idade>29</idade></usuario><usuario><id>12</id><nome>Jaison Schmidt</nome><idade>50</idade></usuario><usuario><id>10</id><nome>Jaison Schmidt</nome><idade>30</idade></usuario><usuario><id>9</id><nome>Jaison Schmidt</nome><idade>29</idade></usuario><usuario><id>8</id><nome>Jaison Schmidt</nome><idade>29</idade></usuario><usuario><id>7</id><nome>Jaison Schmidt</nome><idade>29</idade></usuario><usuario><id>6</id><nome>Jaison Schmidt</nome><idade>29</idade></usuario><usuario><id>4</id><nome>Jaison Schmidt</nome><idade>50</idade></usuario><usuario><id>2</id><nome>Jaison Schmidt</nome><idade>30</idade></usuario><usuario><id>16</id><nome>Jaison Schmidt</nome><idade>29</idade></usuario></usuarios>