﻿<?xml version="1.0" encoding="utf-8"?>
<usuarios>
	<usuario>
		<nome>Jaison Schmidt</nome>
		<idade>29</idade>
	</usuario>
	<usuario>
		<nome>Jaison Schmidt</nome>
		<idade>30</idade>
	</usuario>
	<usuario>
		<nome>Jaison</nome>
		<idade>40</idade>
	</usuario>
	<usuario>
		<nome>Jaison Schmidt</nome>
		<idade>50</idade>
	</usuario>
	<usuario>
		<nome>Jaison</nome>
		<idade>29</idade>
	</usuario>
	<usuario>
		<nome>Jaison Schmidt</nome>
		<idade>29</idade>
	</usuario>
	<usuario>
		<nome>Jaison Schmidt</nome>
		<idade>29</idade>
	</usuario>
	<usuario>
		<nome>Jaison Schmidt</nome>
		<idade>29</idade>
	</usuario>
</usuarios>